definition_acc,stereotype_acc,none_acc
0.9068181818181819,0.075,0.01818181818181818
