definition_acc,stereotype_acc,none_acc
0.7954545454545454,0.15454545454545454,0.05
