definition_acc,stereotype_acc,none_acc
0.8295454545454546,0.1340909090909091,0.03636363636363636
